erayilmaz,1.6.2025,11.41,940
erayilmaz,1.6.2025,11.42,4030
eray2,1.6.2025,11.43,1190
eray2,1.6.2025,11.43,950
eray2,1.6.2025,11.43,1710
eray2,1.6.2025,11.44,950
erayilmaz,1.6.2025,12.12,930
erayilmaz,1.6.2025,12.15,930
erayilmaz,1.6.2025,12.15,3570
erayilmaz,1.6.2025,12.23,1210
erayilmaz,1.6.2025,12.25,830
erayilmaz,1.6.2025,12.28,1160
erayilmaz,1.6.2025,12.29,1720
erayilmaz,1.6.2025,12.47,10960
erayilmaz,1.6.2025,14.47,1410
erayilmaz,1.6.2025,15.1,2170
eray2,1.6.2025,15.6,1090
erayilmaz,1.6.2025,15.10,10820
erayilmaz,2.6.2025,20.11,1070
erayilmaz,2.6.2025,22.51,1250
erayilmaz,2.6.2025,22.54,920
eray2,2.6.2025,22.56,2690
erayilmaz,3.6.2025,11.50,2280
erayilmaz,3.6.2025,12.15,1230
erayilmaz,3.6.2025,13.17,4030
erayilmaz,3.6.2025,13.44,800
erayilmaz,3.6.2025,13.44,800
erayilmaz,3.6.2025,13.46,1330
erayilmaz,3.6.2025,13.48,800
erayilmaz,3.6.2025,13.48,800
erayilmaz,3.6.2025,13.48,800
erayilmaz,3.6.2025,13.48,800
erayilmaz,3.6.2025,13.48,800
erayilmaz,3.6.2025,13.48,800
erayilmaz,3.6.2025,13.48,800
erayilmaz,3.6.2025,13.56,4490
erayilmaz,3.6.2025,13.58,11730
erayilmaz,3.6.2025,15.21,9940
erayilmaz,3.6.2025,15.23,10670
erayilmaz,3.6.2025,15.26,1320
erayilmaz,3.6.2025,15.30,3690
erayilmaz,3.6.2025,15.40,11330
erayilmaz,3.6.2025,15.55,780
erayilmaz,3.6.2025,15.57,910
erayilmaz,3.6.2025,15.58,840
erayilmaz,3.6.2025,16.22,910
erayilmaz,3.6.2025,16.27,910
erayilmaz,3.6.2025,16.31,910
erayilmaz,3.6.2025,17.15,950
erayilmaz,3.6.2025,17.15,950
erayilmaz,3.6.2025,17.15,1140
erayilmaz,3.6.2025,17.23,610
erayilmaz,3.6.2025,17.26,1050
erayilmaz,3.6.2025,17.41,910
erayilmaz,3.6.2025,17.45,840
erayilmaz,3.6.2025,17.47,550
erayilmaz,3.6.2025,19.2,2720
eray2,3.6.2025,19.32,1640
erayilmaz,3.6.2025,19.34,920
erayilmaz,3.6.2025,19.38,3400
erayilmaz,3.6.2025,19.42,3120
erayilmaz,3.6.2025,19.48,820
erayilmaz,3.6.2025,19.51,940
erayilmaz,3.6.2025,20.0,850
erayilmaz,3.6.2025,20.5,600
erayilmaz,3.6.2025,20.6,860
erayilmaz,3.6.2025,20.8,1560
erayilmaz,3.6.2025,20.8,4130
erayilmaz,3.6.2025,20.10,880
erayilmaz,3.6.2025,20.11,630
erayilmaz,3.6.2025,20.14,1150
erayilmaz,3.6.2025,20.20,820
erayilmaz,3.6.2025,20.35,1800
erayilmaz,3.6.2025,20.35,1330
erayilmaz,3.6.2025,20.35,1280
erayilmaz,3.6.2025,20.36,8000
erayilmaz,3.6.2025,20.39,23140
erayilmaz,3.6.2025,20.42,23680
erayilmaz,3.6.2025,20.44,22000
erayilmaz,4.6.2025,11.9,2350
erayilmaz,4.6.2025,11.9,1870
erayilmaz,4.6.2025,11.20,21690
qwe,4.6.2025,11.55,1330
qwe,4.6.2025,11.57,3130
qwe,4.6.2025,11.59,5960
qwe,4.6.2025,12.13,0
qwe,4.6.2025,12.15,0
qwe,4.6.2025,12.19,24210
qwe,4.6.2025,12.20,0
qwe,4.6.2025,12.20,0
qwe,4.6.2025,12.21,0
qwe,4.6.2025,12.21,0
we,4.6.2025,12.24,0
qwe,4.6.2025,12.31,0
qwe,4.6.2025,12.43,23870
qwe,4.6.2025,13.0,1750
qwe,4.6.2025,13.0,600
qwe,4.6.2025,13.9,20560
qwe,4.6.2025,13.10,4110
qwe,4.6.2025,13.13,6250
qwe,4.6.2025,13.40,10670
qwe,4.6.2025,13.45,1700
qwe,4.6.2025,15.0,3340
